ID,MW
5,99.04275497
865,109.052365
2485,129.151265
2563,130.098875
3644,162.0523197
3654,144.162145
4172,134.0938159
4227,129.9573707
4228,151.939395
4384,153.959105
4393,154.039125
4600,157.146195
4602,157.146385
4603,157.157505
4666,158.057515
4673,158.130405
4948,162.067645
4955,162.125215
5160,148.1094659
5228,166.073735
5432,169.109745
5434,169.109805
5436,152.0833659
5497,169.997945
5508,170.130235
5509,170.130255
5515,170.177925
5654,172.157105
5655,172.193455
5786,174.099905
5788,174.111075
5900,175.964115
5978,177.042225
6052,178.098985
6116,179.094215
6248,181.073505
6308,182.070365
6309,182.070405
6381,183.050325
6461,162.1252507
6536,185.177525
6538,185.188765
6665,187.120485
6858,190.135215
6860,190.156555
7001,192.135745
7053,192.965915
7054,192.965965
7200,195.123185
7270,196.109755
7341,197.177555
7401,198.161625
7469,199.193165
7473,199.229445
7525,178.0737707
7670,202.046035
7677,202.120045
7785,203.949175
7863,188.1044159
7964,205.6234899
8063,208.094195
8068,208.145935
8277,211.120375
8278,211.141425
8281,211.168035
8284,211.193425
8344,212.140705
8420,213.220065
8606,216.114905
8724,196.0707307
8788,219.097435
8859,220.109775
8987,222.089265
9059,223.141525
9197,225.172515
9310,227.128325
9374,206.1151307
9435,229.132325
9438,229.167425
9501,230.115115
9789,218.0787059
9801,218.1877159
9910,220.1459559
9973,238.154555
10027,239.172805
10102,240.219825
10104,240.219945
10159,241.123005
10229,242.188035
10231,225.1725459
10286,243.183075
10293,243.219575
10408,245.162385
10418,245.235265
10470,246.146505
10476,246.193895
10477,246.194015
10478,246.219145
10626,247.6064199
10724,250.192785
10725,250.192875
10830,252.120575
10838,252.208655
10841,252.219895
10900,253.240295
10948,254.188035
10954,254.224265
11175,258.146345
11359,261.172865
11366,261.230215
11422,262.229265
11423,262.229295
11480,263.172935
11691,267.053755
11701,250.1201059
11709,267.183335
11768,268.203505
11772,268.239915
11897,270.219285
12079,273.266435
12119,252.1205807
12133,274.214065
12189,275.172965
12239,276.110765
12244,276.156875
12245,276.156905
12248,276.186545
12302,260.1561459
12359,278.085955
12363,278.151385
12375,278.224295
12494,280.239825
12562,280.6268399
12593,282.255545
12631,266.0999659
12707,302.2454497
12713,284.282545
12824,269.2352759
12884,287.245625
12887,287.245865
12987,289.261495
12988,289.261495
13034,290.172565
13039,290.224075
13086,291.162125
13203,293.199085
13206,271.2508307
13268,294.219195
13311,295.117905
13323,295.235585
13364,296.075945
13383,296.234945
13439,280.2396759
13492,298.131185
13502,298.213975
13505,298.250445
13618,300.277365
13656,301.130665
13678,301.297775
13679,301.310195
13732,302.245505
13798,304.30002
13800,303.292555
13860,304.239795
13921,288.2660459
13950,306.077535
13972,306.255355
14021,285.1630307
14023,290.1360959
14033,290.2453759
14081,308.118395
14086,308.183155
14091,308.219655
14153,292.1883159
14200,310.073325
14223,310.287005
14244,309.6659899
14277,294.2043359
14278,294.2191059
14322,312.135725
14328,312.190995
14340,312.265945
14367,311.6923599
14386,313.094745
14393,296.1469259
14401,296.2347559
14509,315.081895
14523,315.204275
14585,299.2093959
14638,317.219955
14644,295.3108307
14645,317.292805
14646,317.292835
14686,318.167255
14687,318.167375
14700,318.276755
14760,302.1725959
14768,302.2817859
14770,319.308365
14886,321.214895
14934,322.198995
14994,301.2273307
15003,301.2985007
15004,323.282215
15123,324.2021199
15127,325.246085
15194,326.245045
15196,326.257095
15243,305.1707507
15253,327.225235
15262,327.313375
15375,329.158345
15438,330.204025
15445,330.276695
15498,331.199055
15668,317.2198059
15669,334.246385
15736,335.303305
15850,320.1833359
15902,338.150165
16022,323.1477559
16023,340.188285
16025,318.2169607
16031,340.235975
16041,323.2819059
16098,341.231125
16099,341.231315
16100,341.231405
16103,341.256125
16145,342.115925
16147,342.146565
16153,342.240465
16189,343.141805
16204,343.308425
16262,344.255635
16327,345.287675
16330,345.324175
16376,346.235065
16392,329.6637159
16441,347.308915
16501,348.250905
16555,349.155475
16568,327.3008207
16666,351.225355
16763,353.064415
16768,353.121445
16777,336.1780859
16834,353.1695899
16846,354.276725
16888,333.1598907
16961,356.292285
17029,356.6889099
17061,358.160445
17077,358.308185
17079,358.319535
17108,337.1911407
17155,360.214155
17209,339.3003907
17212,361.319235
17307,363.225175
17452,366.181655
17462,366.261525
17509,367.256825
17551,368.117445
17603,347.1690407
17612,352.2094959
17618,352.2611559
17620,369.323845
17651,370.104935
17676,353.2810859
17677,371.32736
17678,370.326285
17710,371.128435
17716,354.1524559
17725,354.2767559
17729,371.323935
17778,350.2227507
17833,356.2921959
17920,353.0640307
17939,358.2715059
17943,358.3080959
18037,360.1779959
18133,379.183945
18196,358.3079907
18202,380.340195
18338,383.217085
18437,368.1172959
18496,386.197895
18509,386.302965
18551,387.246635
18555,370.2717459
18605,366.2497307
18606,388.231795
18646,372.1262659
18703,368.2559007
18751,391.256395
18824,392.750015
18848,376.1732959
18941,395.251815
18948,378.2766659
18996,396.213705
19009,396.371415
19040,375.1797607
19049,397.267625
19052,397.303915
19094,397.2307799
19095,398.243275
19149,399.246875
19195,400.209185
19354,402.2244299
19356,403.256825
19453,383.2076507
19471,405.408125
19507,406.184645
19517,406.271445
19518,389.2462359
19520,406.292655
19561,390.1887659
19568,385.3187007
19573,407.360615
19753,409.7117999
19769,411.163805
19784,394.2568259
19826,390.2252907
19837,412.316025
19876,396.2005459
19877,413.240955
19878,413.262135
19883,413.298755
19912,397.1295959
19922,413.2257699
19963,415.183485
19964,415.204665
20042,416.361135
20087,400.2460559
20167,402.1063459
20181,402.2766959
20184,419.324325
20225,420.173235
20238,419.2616599
20243,398.3507507
20277,421.232075
20279,404.2405859
20281,421.282365
20290,421.376205
20324,400.2459507
20370,423.192185
20384,406.2929559
20396,422.8035899
20585,427.277635
20641,406.2929807
20662,428.737715
20790,431.288535
20834,432.324905
20879,432.3067399
20939,433.2967899
21001,434.7202499
21019,436.146835
21072,437.227005
21079,415.3083607
21140,438.601395
21167,439.242845
21176,438.3239499
21220,418.2927307
21265,441.293845
21301,420.1731307
21356,443.301015
21381,442.8191899
21405,444.245865
21458,445.266955
21508,446.251205
21517,445.3144899
21547,425.1950107
21552,430.2197159
21601,448.283675
21602,447.2877299
21660,449.407645
21748,451.306175
21805,452.335985
21807,451.3323999
21828,430.8321007
21847,452.2687399
21914,454.328935
21916,454.338155
21964,455.309255
21999,456.175405
22049,457.252065
22060,457.324965
22064,440.3497159
22105,458.256095
22146,442.2010359
22155,459.303485
22248,461.290245
22254,460.3378699
22338,441.2586707
22341,446.2514859
22345,463.306235
22346,462.3009999
22393,464.256305
22448,465.308915
22451,465.321735
22539,467.218675
22545,467.309315
22547,467.345995
22567,467.951955
22629,447.2811707
22633,469.290245
22637,469.324725
22644,469.362595
22694,469.2880899
22746,471.268145
22748,471.304335
22750,471.340805
22803,472.311545
22824,472.727195
22831,471.8404599
22902,473.3457399
22943,475.350545
22982,459.2828559
22983,476.311145
23036,476.3331699
23139,479.337385
23143,462.3918959
23179,479.2655699
23221,459.2830307
23225,481.316915
23406,485.259575
23410,485.287825
23412,485.320085
23414,485.356155
23444,486.222795
23446,486.243975
23501,465.3216007
23650,473.2982359
23654,489.3404599
23657,489.3587399
23693,490.3185499
23694,491.336935
23795,493.353105
23893,473.2864107
23980,497.302595
23991,497.394185
24091,499.267805
24093,499.296345
24145,499.2896799
24155,500.487135
24190,501.314015
24216,500.8613299
24231,501.2347499
24271,503.298175
24274,503.312855
24282,503.382095
24324,504.304305
24329,504.340595
24330,503.3562099
24378,505.352435
24443,505.3155299
24636,508.7743599
24673,509.3740599
24715,511.372055
24816,496.2892959
25012,516.3018499
25067,518.356125
25071,517.3724099
25107,518.3794899
25318,523.363635
25327,506.4692259
25397,525.279285
25398,525.306505
25407,525.423755
25448,526.311145
25461,525.4886799
25505,510.3400159
25519,527.792225
25603,529.382435
25702,530.2771399
25730,530.7748799
25808,533.323475
25815,532.3757099
25836,532.7786599
25856,512.2213507
25860,512.2953907
25871,533.3850499
25874,534.427535
26148,539.403005
26180,540.048635
26266,541.382925
26371,543.398855
26454,523.3635007
26459,545.428335
26560,547.283615
26561,547.283735
26562,525.3058207
26605,548.200065
26611,548.292955
26620,547.3821799
26668,549.387015
26714,528.2903207
26780,551.367605
26890,553.454765
26939,553.4007299
26980,555.305285
26989,555.398915
27088,540.3874359
27158,558.708975
27186,559.319875
27190,559.356125
27228,560.296375
27288,560.3281599
27294,560.4080599
27397,563.527205
27538,566.215075
27608,566.2936199
27674,567.3979899
27701,569.275255
27809,571.393115
27810,571.408925
27811,571.429555
27983,575.330065
27984,575.342825
28039,554.3146707
28091,560.2831959
28102,560.3922659
28148,577.2844599
28149,556.3240707
28150,578.306015
28365,565.2900859
28366,581.3351799
28506,583.7580899
28546,585.407645
28639,587.330495
28642,570.3400759
28690,588.314625
28691,566.3426307
28725,572.2882559
28728,572.3192059
28733,567.4361307
28773,590.315055
28785,589.4297799
28816,591.310295
28821,590.3352999
28883,592.394515
28885,591.4090299
28939,576.3875659
28990,572.3533707
29049,578.3582059
29094,574.2984407
29148,596.3643499
29155,597.444935
29233,599.156055
29249,599.424055
29298,600.327075
29354,601.439985
29377,584.9485959
29397,602.261275
29511,604.466845
29556,588.3143159
29566,605.449575
29624,605.4242299
29625,605.4425999
29709,608.280445
29804,609.617235
29874,593.9543959
30022,613.439195
30118,615.361745
30224,617.362045
30309,597.3745507
30315,619.405815
30358,603.2159959
30411,621.335315
30413,620.3404899
30468,622.405135
30563,624.311635
30669,626.262805
30741,610.4442059
30832,628.2162799
30841,612.3510059
30845,629.471485
30992,631.3138799
31046,633.371995
31145,635.336295
31156,634.4632899
31195,636.346725
31201,636.384505
31367,639.187245
31481,641.471725
31578,643.329765
31599,643.622545
31818,630.3612559
31866,648.457815
31906,649.367055
31909,649.404655
31915,648.4623799
31969,649.4512099
32014,650.3969499
32056,630.3612407
32099,653.202625
32229,633.5049807
32352,657.370835
32357,657.466725
32560,644.3769459
32650,663.395065
32713,663.4844699
32757,665.383225
32760,665.411365
32944,647.2952607
32946,669.277695
33035,669.9079999
33070,671.489615
33106,650.3874907
33159,656.4342559
33205,674.435655
33344,676.1113599
33417,677.4813599
33419,678.504255
33512,680.311025
33594,680.9143399
33675,683.554125
33867,687.375595
33874,687.455375
33921,688.443525
33981,689.498765
34046,689.8464099
34124,691.4975899
34259,695.106185
34329,696.352895
34342,674.5368407
34349,696.717025
34434,698.535085
34439,697.6291899
34580,700.4011599
34664,703.350815
34696,702.9275899
34821,706.426445
34895,707.838305
34934,708.421195
34971,709.096485
35098,710.3910299
35213,713.574385
35379,716.471855
35585,720.441825
35687,721.5259099
35713,723.074085
35902,726.202015
36189,714.5133559
36269,732.1413299
36341,734.432115
36343,734.433155
36497,720.4174059
36554,738.473255
36615,739.513845
36628,739.666615
36901,745.518665
37005,747.439865
37152,749.3465899
37222,751.630785
37582,758.059065
37682,742.6724159
37776,761.546615
37917,764.034535
37990,748.4514059
37999,765.661425
38044,766.483755
38216,752.5801859
38304,771.531355
38756,779.628165
38799,779.5681499
38922,782.755725
39174,787.411975
39518,793.715685
39886,800.676625
39936,801.580495
39987,802.592945
40173,805.472585
40414,809.500415
40718,813.1989499
40790,815.595875
40848,816.436695
40924,817.575615
41116,798.6211907
41286,806.1050259
41665,812.5631559
41667,812.5856859
41783,831.629565
42099,835.6813699
42141,836.4263699
42226,837.6095899
42263,817.2868407
42946,850.380665
43602,838.1686807
43702,861.603325
44416,873.637195
44417,873.638295
44537,875.618515
44554,875.793815
45369,889.771165
45730,873.7800707
45816,897.421195
45848,897.895555
46361,905.665145
47138,917.299245
47543,923.262075
48590,939.699875
48969,928.6696659
49721,957.829695
50003,962.165205
50099,946.6802859
50570,971.335075
50951,977.590195
51394,962.6319307
51599,970.9882659
51813,974.5438159
52555,1003.737175
55838,1061.779895
56883,1079.790145
58183,1106.285875
58184,1106.286125
58885,1119.821035
60354,1130.695486
61701,1177.862295
64144,1235.906115
64171,1235.6456
66293,1293.946395
67889,1340.24888
68281,1351.992055
80000,143.0729507
80001,169.0886008
80002,109.0522152
80004,131.072951
80006,107.0729507
80007,169.0886008
80008,160.979356
80009,197.0947488
80011,219.1042508
80014,146.0362308
80015,427.8833636
80016,390.2221341
80017,398.2427916
80018,266.1641474
80019,326.070247
80020,99.10425084
80023,146.0586976
80024,85.08860074
80025,307.1445914
80026,178.1199604
80027,116.0580289
80028,99.0678653
80029,326.0002801
80030,181.0014426
80031,135.0137215
80032,182.070247
80033,368.1171976
80034,282.1672848
80035,266.1641415
80036,195.0559872
80038,105.07843
80039,238.098193
80040,394.452175
80041,352.4102307
80043,212.252175
80044,408.4702307
80045,324.372175
80046,193.1097301
80047,191.0689279
80048,213.0818011
80049,229.240016
80050,287.2454953
80051,383.9870678
80052,246.0886603
80053,222.0886603
80054,174.0423788
80055,278.1512606
80056,146.0726163
80057,268.1570146
80058,170.1777501
80059,127.0183283
80060,216.0715708
80061,121.0886007
80062,122.0474642
80063,470.3601843
80064,302.1723835
80065,218.0784831
80066,722.6418919
80067,638.5479915
80068,100.0521552
80069,86.03623082
80071,84.05696629
80072,169.0733446
80077,151.0086362
80078,166.9857925
80080,132.0569663
80081,150.0675309
80082,117.07843
80083,123.0314798
80084,390.2764611
80085,138.0311454
80086,137.0471299
80087,106.0413162
80088,154.0260601
80089,138.0311454
80090,202.2151982
80091,194.0798269
80092,131.1416989
80094,156.016558
80095,176.0315394
80097,376.1377357
80098,290.1876461
80099,204.089329
80100,133.0369591
80101,253.135568
80102,112.0518806
80103,302.245161
80104,346.2138608
80105,356.2921112
80106,272.1770811
80107,148.0518809
80108,202.1199605
80109,150.0522748
80110,164.0467955
80111,292.0901169
80112,296.3073673
80113,270.055442
80114,169.0134604
80115,327.3131809
80116,325.2975309
80117,281.2713161
80118,244.178144
80119,309.2087159
80120,299.1515949
80121,207.0889947
80122,149.050501
80123,131.09408
80124,155.0689279
80125,147.0526092
80126,174.1111271
80127,283.2869662
80128,359.1691368
80129,341.0692335
80130,291.1132848
80131,303.2556661
80132,338.2087755
80133,301.1308595
80134,248.0113843
80135,198.1726647
80136,232.0164632
80137,206.1413646
80138,212.0710921
80139,232.081799
80140,221.1046448
80141,227.1199179
80142,164.0944144
80143,296.0477698
80144,241.135568
80145,201.0355196
80146,291.0187393
80147,201.07843
80148,190.0770501
80149,488.0356906
80150,342.2876945
80151,302.2240316
80152,354.0556459
80153,102.0311454
80154,244.0876148
80155,108.0569663
80157,180.0417101
80159,182.0784896
80160,104.01041
80161,200.1519293
80162,296.050384
80163,172.1457813
80164,361.2036305
80165,262.156346
80166,308.0349105
80167,310.156346
80168,317.2924455
80169,282.2553317
80170,360.1931254
80171,304.2396817
80172,164.1043104
80173,243.2192806
80174,162.1250458
80176,144.0569663
80177,242.2240316
80178,158.1301312
80179,97.97634659
80180,228.2083815
80181,299.2818808
80182,355.3444811
80184,165.07843
80185,131.09408
80186,132.0529435
80187,89.04712985
80188,218.1665167
80189,162.1039165
80191,224.1883148
80192,348.9257353
80193,188.134171
80194,446.3238052
80195,434.2874197
80196,185.2138013
80197,194.0573602
80198,277.2036305
80199,301.2975309
80200,157.1097301
80201,157.1097301
80202,402.2975905
80203,174.1151498
80204,197.1774157
80205,402.2975905
80206,250.1199604
80207,194.0573602
80208,284.2822152
80209,201.2087159
80210,336.1567399
80211,280.0941396
80212,169.1097301
80213,250.1774753
80214,179.1182002
80215,273.2662307
80216,253.240016
80217,195.1253802
80218,320.1982108
80219,258.1825607
80220,129.151201
80221,68.03689952
80222,45.05730061
80224,167.0729507
80225,118.0525496
80226,719.9994514
80227,239.9877838
80228,318.0886603
80229,194.0573602
80230,345.0365214
80231,217.1461156
80232,248.0614
80233,171.0348509
80234,171.0348509
80235,312.1356105
80236,191.1668511
80237,218.1794035
80238,278.0855031
80239,180.0417101
80240,375.1395863
80241,100.0631143
80242,88.06311426
80244,216.033644
80245,247.1566803
80246,252.089329
80247,240.0884735
80248,292.0973069
80249,435.9381578
80250,134.0937457
80251,283.133358
80252,205.1308595
80253,408.2870258
80254,292.0941396
80255,340.0788835
80256,412.1202661
80257,358.1774753
80258,376.1435884
80259,340.1669107
80260,362.3026758
80261,320.194188
80262,252.0230964
80263,241.2764015
80264,185.2138013
80265,213.2451014
80266,257.2713161
80267,424.3547114
80268,224.1171972
80269,434.3519481
80270,199.066151
80271,220.1457813
80272,185.2138013
80274,353.2924455
80276,256.2396817
80277,396.3386674
80278,368.3648822
80279,73.05221523
80280,184.0366247
80281,226.1060417
80283,162.0522748
80285,136.1246519
80286,222.1978168
80287,149.1046447
80288,305.1985451
80289,131.0576945
80290,304.0454888
80291,342.1156629
80292,158.0434414
80293,208.0882664
80294,176.0467955
80295,102.1151498
80296,180.0681996
80297,384.3386674
80298,286.229117
80301,116.01041
80302,150.1039165
80304,151.0627799
80305,122.0362308
80306,226.156346
80307,194.1665167
80308,156.1144811
80309,136.1246519
80310,136.1246519
80311,136.1246519
80312,222.1978168
80314,90.03114544
80315,130.0260601
80316,152.0467955
80317,141.9752874
80318,416.3648822
80319,204.1872522
80320,174.0158893
80321,121.088601
80322,108.0205808
80324,152.0679249
80325,504.1684863
80326,344.131313
80327,342.1156629
80329,134.0726163
80330,75.0678653
80331,280.2396817
80332,134.0209747
80334,104.0467955
80335,86.08384971
80338,109.0522152
80339,272.2345963
80340,884.7827425
80341,170.130131
80342,170.130131
80343,198.161431
80344,198.161431
80345,184.145781
80347,129.057301
